Date,Description,Amount,Extended Details,Appears On Your Statement As,Address,City/State,Zip Code,Country,Reference,Category
04/29/2025,WHOLE FOODS MARKET,67.43,WHOLE FOODS MARKET #0456,,1 MARKET ST,SAN FRANCISCO CA,94105,UNITED STATES,1234567890123,Merchandise & Supplies-Groceries
04/28/2025,UBER EATS,34.12,UBEREATS ORDER #987654,,,,,,9876543210123,Restaurants-Restaurants
04/27/2025,DOORDASH,28.99,DOORDASH BURRITO PLACE,,,,,,1111111111111,Restaurants-Restaurants
04/26/2025,BLUE BOTTLE COFFEE,6.50,BLUE BOTTLE #10,,,,,,2222222222222,Restaurants-Restaurants
04/25/2025,TRADER JOE S #123,55.20,TRADER JOE S,,,,,,3333333333333,Merchandise & Supplies-Groceries
04/24/2025,NETFLIX.COM,22.99,NETFLIX SUBSCRIPTION,,,,,,4444444444444,Business Services-Internet & Telephone
04/23/2025,UNITED AIRLINES,389.00,UNITED 016-1234567890,,,,,,5555555555555,Travel
04/22/2025,GRUBHUB,41.80,GRUBHUB THAI FOOD,,,,,,6666666666666,Restaurants-Restaurants
04/21/2025,-200.00,AUTOPAY PAYMENT,,AUTOPAY PAYMENT,,,,,7777777777777,Fees & Adjustments-Fees & Adjustments
