Transaction Date,Posted Date,Card No.,Description,Category,Debit,Credit
2025-04-29,2025-04-30,3159,UNITED AIRLINES,Travel,450.00,
2025-04-28,2025-04-29,3159,INSTACART,Groceries,112.34,
2025-04-27,2025-04-28,3159,LYFT,Transportation,19.75,
2025-04-26,2025-04-27,3159,STARBUCKS,Dining,7.25,
2025-04-25,2025-04-26,3159,REWARDS REDEMPTION,General,,50.00
2025-04-24,2025-04-25,3159,ICLOUD.COM/BILL,Entertainment,2.99,
2025-04-23,2025-04-24,3159,HILTON HOTELS,Hotels,320.00,
2025-04-22,2025-04-23,3159,WHOLE FOODS MARKET,Groceries,93.41,
2025-04-21,2025-04-22,3159,UBER TRIP,Transportation,24.50,
